authorNo,authorFirstName,authorLastName,authorStreet,authorSuburb,authorCity
1,De Silva,Clarice,21 Park View Street,Park View,Auckland
2,Stevens,Rob,123 Hungry Lane,Meadowbank,Auckland
3,Peiris,Louis,463 Galle Road,Moratuwa,Napier
4,Parker,Clive,21 Anderson Glen Road,Glen Innes,Auckland
5,Mendis,Theodora,75D Glenvar Road,Torbay,Auckland
6,Bingly,Lisa,14E Glenfield Road,Glenfield,Auckland
7,St.Louis,Gabriella,1163 Remuera Road,Remuera,Auckland
8,Coorey,Beatrice,456 Dominion Road,Mt Eden,Auckland
9,Koorey,Beatrice,12 Peach Parade,Remuera,Auckland
