staffCode,staffFirstName,staffLastName,staffStreet,staffSuburb,staffCity
1,Deepak,Gupta,78 Xerox Road,Celeste,Hamilton
2,Stephen,Marks,45 Albert Place,Mt Albert,Auckland
3,Frances,Spencer,34 Slumber Lane,Napier,Nelson
4,James,McDonald,56 May Fair Road,Mayfair,Dunedin
5,Ethel,Todd,324 Crooked House,Crooked Suburb,Westland
6,Karen,Jones,591 Sherry Berry Avenue,Devonport,Auckland
7,Sean,Henderson,1123 Oxford Street,Karangahape,Auckland
8,Viana,Tawa,654 Maple Road,Manukau Heights,Manukau
9,Sherene,Hewage,656 Spider Forest Street,Forest Hill,Auckland
10,Brendan,Pikes,894 Cooks Street,St Heliers,Auckland
11,Martin,Cruise,18 St Johns Road,St Johns,Auckland
12,Charles,Schindler,35 St Stevens Avenue,Kohimarama,Auckland
